Date,Place,Magnitude,Type,Longitude,Latitude,Depth_km
2025-07-20T23:10:08.628000,"161 km ESE of Petropavlovsk-Kamchatsky, Russia",4.9,earthquake,160.9643,52.7418,10
2025-07-20T22:45:32.661000,"166 km ESE of Petropavlovsk-Kamchatsky, Russia",4.5,earthquake,160.9335,52.5327,10
2025-07-20T22:28:01.332000,"81 km SSE of Sand Point, Alaska",6.2,earthquake,-159.9248,54.6858,47.312
2025-07-20T21:19:05.482000,"156 km ESE of Petropavlovsk-Kamchatsky, Russia",4.6,earthquake,160.6513,52.3839,10
2025-07-20T20:49:56.289000,"140 km E of Petropavlovsk-Kamchatsky, Russia",4.7,earthquake,160.7134,53.1823,10
2025-07-20T20:31:23.893000,"149 km SE of Petropavlovsk-Kamchatsky, Russia",5.3,earthquake,160.4495,52.3051,10
2025-07-20T19:51:08.286000,"140 km E of Petropavlovsk-Kamchatsky, Russia",4.8,earthquake,160.6898,52.844,10
2025-07-20T18:41:16.735000,South Sandwich Islands region,4.9,earthquake,-26.9499,-56.6925,127.578
2025-07-20T18:20:33.869000,"166 km E of Petropavlovsk-Kamchatsky, Russia",4.6,earthquake,161.1127,52.9897,10
2025-07-20T18:00:24.176000,"152 km ESE of Petropavlovsk-Kamchatsky, Russia",4.8,earthquake,160.5279,52.333,10
2025-07-20T17:37:05.538000,"163 km ESE of Petropavlovsk-Kamchatsky, Russia",5.2,earthquake,160.7183,52.3333,10
2025-07-20T17:34:52.638000,"154 km ESE of Petropavlovsk-Kamchatsky, Russia",4.6,earthquake,160.891,52.8061,10
2025-07-20T17:22:55.811000,"150 km ESE of Petropavlovsk-Kamchatsky, Russia",4.5,earthquake,160.5178,52.3507,10
2025-07-20T17:10:20.101000,"128 km ESE of Petropavlovsk-Kamchatsky, Russia",5.3,earthquake,160.4909,52.8182,10
2025-07-20T17:09:44.043000,"144 km ESE of Petropavlovsk-Kamchatsky, Russia",5.1,earthquake,160.6742,52.6655,10
2025-07-20T16:40:54.214000,"18 km ESE of Burgos, Philippines",4.9,earthquake,126.3464,9.2078,31.753
2025-07-20T16:24:13.443000,"133 km E of Petropavlovsk-Kamchatsky, Russia",4.8,earthquake,160.5823,52.8571,44.738
2025-07-20T16:13:58.349000,"146 km ESE of Petropavlovsk-Kamchatsky, Russia",5.2,earthquake,160.5289,52.4293,10
2025-07-20T15:44:32.389000,"168 km SE of Petropavlovsk-Kamchatsky, Russia",5.2,earthquake,160.7188,52.2362,10
2025-07-20T15:43:15.548000,"154 km SE of Petropavlovsk-Kamchatsky, Russia",5.1,earthquake,160.5313,52.3027,10
2025-07-20T15:32:27.864000,"110 km ESE of Petropavlovsk-Kamchatsky, Russia",5.2,earthquake,160.1502,52.7003,10
2025-07-20T15:03:49.807000,"145 km ESE of Petropavlovsk-Kamchatsky, Russia",5,earthquake,160.5633,52.4827,10
2025-07-20T14:49:47.359000,"126 km SE of Petropavlovsk-Kamchatsky, Russia",4.7,earthquake,160.1383,52.3952,10
2025-07-20T14:01:12.629000,"165 km ESE of Petropavlovsk-Kamchatsky, Russia",4.6,earthquake,160.8731,52.467,10
2025-07-20T13:54:30.464000,"176 km ESE of Petropavlovsk-Kamchatsky, Russia",4.7,earthquake,160.8316,52.2137,10
2025-07-20T13:27:26.571000,"153 km ESE of Petropavlovsk-Kamchatsky, Russia",4.5,earthquake,160.7562,52.5741,10
2025-07-20T12:36:23.223000,"48 km S of Calama, Chile",4.5,earthquake,-68.8954,-22.8941,96.764
2025-07-20T10:24:47.332000,"155 km ESE of Petropavlovsk-Kamchatsky, Russia",4.5,earthquake,160.8579,52.7057,10
2025-07-20T10:03:40.592000,"138 km E of Petropavlovsk-Kamchatsky, Russia",5.2,earthquake,160.6946,52.9883,10
2025-07-20T09:47:33.862000,"162 km ESE of Petropavlovsk-Kamchatsky, Russia",4.5,earthquake,160.8909,52.5552,10
2025-07-20T09:34:45.565000,"133 km ESE of Petropavlovsk-Kamchatsky, Russia",4.7,earthquake,160.5706,52.8262,10
2025-07-20T09:30:53.773000,"142 km ESE of Petropavlovsk-Kamchatsky, Russia",5.1,earthquake,160.6457,52.6801,10
2025-07-20T09:04:59.221000,"150 km WNW of Tobelo, Indonesia",4.6,earthquake,126.7429,2.2047,43.53
2025-07-20T08:43:10.773000,"141 km E of Petropavlovsk-Kamchatsky, Russia",4.5,earthquake,160.7099,52.8885,10
2025-07-20T08:31:00.452000,Easter Island region,5.2,earthquake,-112.2441,-29.2682,10
2025-07-20T08:16:16.772000,"152 km E of Petropavlovsk-Kamchatsky, Russia",4.5,earthquake,160.8668,52.8335,10
2025-07-20T08:02:31.912000,"88 km SE of Gorontalo, Indonesia",4.5,earthquake,123.6537,0.0045,137.708
2025-07-20T08:01:31.017000,"151 km ESE of Petropavlovsk-Kamchatsky, Russia",4.7,earthquake,160.7619,52.6401,10
2025-07-20T07:57:00.145000,"150 km E of Petropavlovsk-Kamchatsky, Russia",4.7,earthquake,160.8629,52.9424,10
2025-07-20T07:53:24.205000,"152 km E of Petropavlovsk-Kamchatsky, Russia",5,earthquake,160.8806,52.8821,10
2025-07-20T07:42:13.147000,"144 km ESE of Petropavlovsk-Kamchatsky, Russia",4.6,earthquake,160.723,52.7938,10
2025-07-20T07:36:27.892000,"143 km E of Petropavlovsk-Kamchatsky, Russia",4.8,earthquake,160.7725,53.0125,10
2025-07-20T07:26:17.438000,"166 km E of Petropavlovsk-Kamchatsky, Russia",6,earthquake,161.1039,53.0421,10
2025-07-20T07:22:58.577000,"147 km E of Petropavlovsk-Kamchatsky, Russia",6.6,earthquake,160.8117,52.9274,9.431
2025-07-20T07:18:54.856000,"150 km ESE of Petropavlovsk-Kamchatsky, Russia",5.3,earthquake,160.8148,52.7974,10
2025-07-20T07:12:58.272000,"156 km ESE of Petropavlovsk-Kamchatsky, Russia",5.7,earthquake,160.9115,52.8075,10
2025-07-20T07:09:45.757000,"157 km ESE of Petropavlovsk-Kamchatsky, Russia",5.6,earthquake,160.8667,52.6506,10
2025-07-20T07:07:43.213000,"151 km E of Petropavlovsk-Kamchatsky, Russia",6.6,earthquake,160.85,52.8306,10
2025-07-20T07:06:22.951000,"141 km ESE of Petropavlovsk-Kamchatsky, Russia",5.2,earthquake,160.546,52.5549,10
2025-07-20T07:02:09.055000,"147 km E of Petropavlovsk-Kamchatsky, Russia",5.2,earthquake,160.7866,52.8427,10
2025-07-20T06:49:01.289000,"2025 Eastern Kamchatka, Russia Earthquake",7.4,earthquake,160.7868,52.9086,10
2025-07-20T06:44:37.321000,"138 km ESE of Petropavlovsk-Kamchatsky, Russia",4.7,earthquake,160.6455,52.8337,10
2025-07-20T06:39:20.678000,"143 km E of Petropavlovsk-Kamchatsky, Russia",4.6,earthquake,160.7416,52.8885,10
2025-07-20T06:37:28.317000,"160 km ESE of Petropavlovsk-Kamchatsky, Russia",4.7,earthquake,160.9533,52.7604,10
2025-07-20T06:31:28.363000,"152 km E of Petropavlovsk-Kamchatsky, Russia",5.2,earthquake,160.8732,52.8467,10
2025-07-20T06:28:17.834000,"142 km E of Petropavlovsk-Kamchatsky, Russia",6.6,earthquake,160.729,52.9041,23
2025-07-20T06:02:50.043000,"137 km E of Petropavlovsk-Kamchatsky, Russia",5,earthquake,160.6514,52.8894,10
2025-07-20T05:45:32.977000,"98 km SSW of Basco, Philippines",5.5,earthquake,121.4976,19.6786,39.654
2025-07-20T03:58:51.882000,"78 km SSE of Sand Point, Alaska",4.7,earthquake,-160.1905,54.6525,43.176
2025-07-20T03:35:32.902000,central Mid-Atlantic Ridge,4.5,earthquake,-31.2628,3.1957,10
2025-07-20T02:43:12.665000,"227 km WSW of Puerto Chacabuco, Chile",4.5,earthquake,-75.4997,-46.2992,10
2025-07-20T01:34:13.327000,"48 km NE of Tatsugō, Japan",4.5,earthquake,129.8851,28.8049,10
2025-07-20T00:29:16.594000,"120 km E of Barcelona, Philippines",4.7,earthquake,127.5271,8.2159,10
2025-07-19T21:37:47.592000,"31 km E of Qarnābād, Iran",5.4,earthquake,54.9395,36.8444,10
2025-07-19T21:26:39.861000,northern East Pacific Rise,5.2,earthquake,-102.9403,8.2854,10
2025-07-19T16:25:20.623000,"140 km E of Barcelona, Philippines",5.4,earthquake,127.7076,8.2325,10
2025-07-19T15:55:08.779000,northern East Pacific Rise,5.6,earthquake,-103.003,8.4605,10
2025-07-19T15:28:44.761000,northern East Pacific Rise,5.4,earthquake,-102.9662,8.4252,10
2025-07-19T14:41:04.784000,"146 km SSW of Manuel Ávila Camacho (Ponte Duro), Mexico",4.5,earthquake,-94.2897,14.6699,10
2025-07-19T11:53:20.145000,"258 km NW of Nagqu, China",4.5,earthquake,89.9524,32.9687,10
2025-07-19T07:58:22.872000,"103 km SW of Basco, Philippines",4.7,earthquake,121.2856,19.7776,35.684
2025-07-19T06:53:41.814000,"62 km ENE of Luwuk, Indonesia",5.1,earthquake,123.284,-0.6917,10
2025-07-19T06:41:55.620000,"84 km SW of Basco, Philippines",4.7,earthquake,121.4784,19.8479,43.977
2025-07-19T06:20:18.827000,"33 km WNW of Houma, Tonga",4.5,earthquake,-175.6169,-21.0985,136.764
2025-07-19T04:28:21.680000,South Sandwich Islands region,5,earthquake,-28.0283,-56.1647,113.42
2025-07-19T03:18:14.035000,"85 km SW of Puerto Madero, Mexico",4.9,earthquake,-93.0019,14.1894,10
2025-07-19T01:58:43.357000,Kermadec Islands region,5,earthquake,-175.1338,-27.4395,10
2025-07-19T01:34:47.349000,"100 km SW of Basco, Philippines",5.3,earthquake,121.2614,19.8408,35
2025-07-18T23:19:26.703000,"98 km SW of Puerto Madero, Mexico",4.9,earthquake,-93.0977,14.1229,10
2025-07-18T22:12:05.505000,Fiji region,4.5,earthquake,-177.6532,-19.285,583.522
2025-07-18T17:14:05.587000,"153 km WNW of Tobelo, Indonesia",4.7,earthquake,126.6777,2.0975,52.795
2025-07-18T17:00:14.377000,"243 km SSE of Ushuaia, Argentina",4.6,earthquake,-67.2833,-56.9148,10
2025-07-18T16:16:43.641000,"36 km S of Andalgalá, Argentina",4.7,earthquake,-66.3558,-27.9054,151.924
2025-07-18T14:33:07.166000,"135 km N of Lae, Papua New Guinea",5.2,earthquake,147.059,-5.4997,181.308
2025-07-18T13:27:21.397000,"107 km NW of Sola, Vanuatu",4.5,earthquake,166.8311,-13.2067,188.546
2025-07-18T11:27:33.505000,southeast of the Loyalty Islands,5.3,earthquake,172.0847,-23.0024,10
2025-07-18T11:15:17.267000,Owen Fracture Zone region,5.1,earthquake,55.9284,14.7119,10
2025-07-18T11:00:53.046000,"1 km NE of Tiniroto, New Zealand",4.5,earthquake,177.5757,-38.7591,37.455
2025-07-18T10:17:53.920000,"63 km NE of Isangel, Vanuatu",5.1,earthquake,169.6714,-19.1067,10
2025-07-18T09:30:03.817000,"35 km ENE of Shwebo, Burma (Myanmar)",5.4,earthquake,96.0157,22.6861,10
2025-07-18T09:19:13.297000,"Bonin Islands, Japan region",4.6,earthquake,139.6243,27.7642,503.052
2025-07-18T07:23:46.101000,south of the Fiji Islands,4.6,earthquake,179.9185,-23.7251,518.917
2025-07-18T06:49:17.234000,"102 km S of Puerto San José, Guatemala",5.1,earthquake,-90.9826,13.0101,10
2025-07-18T06:28:08.894000,Carlsberg Ridge,4.9,earthquake,58.5671,8.4597,10
2025-07-18T04:51:31.368000,Carlsberg Ridge,5.1,earthquake,58.4303,8.401,10
2025-07-18T04:46:33.050000,"22 km E of Qarnābād, Iran",4.6,earthquake,54.8409,36.8428,10
2025-07-18T02:49:32.639000,"153 km SSE of Lata, Solomon Islands",4.8,earthquake,166.5052,-11.9221,200.273
2025-07-18T02:26:02.423000,south of the Fiji Islands,4.5,earthquake,-179.7792,-24.6246,453.841
2025-07-17T23:59:33.998000,"108 km SE of Balikpapan, Indonesia",4.6,earthquake,117.4958,-1.9807,10
2025-07-17T20:31:30.651000,"92 km SE of Antofagasta, Chile",5.1,earthquake,-69.7553,-24.2507,81.531
2025-07-17T19:02:11.541000,"111 km WNW of Pariaman, Indonesia",5.3,earthquake,99.2155,-0.1856,59.427
2025-07-17T18:44:11.546000,"100 km S of Honchō, Japan",4.8,earthquake,142.9444,41.2263,53.615
2025-07-17T17:44:09.096000,southern Mid-Atlantic Ridge,4.9,earthquake,-13.6665,-29.1858,10
2025-07-17T17:04:55.082000,Banda Sea,4.9,earthquake,129.9237,-6.6248,122.435
2025-07-17T16:04:20.035000,Balleny Islands region,4.8,earthquake,167.0099,-62.7065,10
2025-07-17T14:14:26.912000,Fiji region,5,earthquake,-179.0272,-21.1079,625.437
2025-07-17T13:02:33.241000,"43 km WNW of San Antonio de los Cobres, Argentina",4.5,earthquake,-66.7174,-24.0679,198.485
2025-07-17T11:25:52.762000,"41 km SW of Tari, Papua New Guinea",4.9,earthquake,142.6605,-6.0813,10
2025-07-17T09:07:55.756000,Fiji region,4.8,earthquake,-178.3289,-20.5331,554.943
2025-07-17T09:04:23.420000,"78 km S of Tambolaka, Indonesia",5.7,earthquake,119.1803,-10.1374,10
2025-07-17T08:03:30.918000,"119 km NNE of Hirara, Japan",4.8,earthquake,125.8405,25.7637,88.801
2025-07-17T07:57:54.181000,south of Tonga,5,earthquake,-175.7404,-24.2303,10
2025-07-17T07:56:26.540000,southeast of the Loyalty Islands,4.6,earthquake,170.32,-23.8962,10
2025-07-17T07:54:20.762000,"22 km SSE of Mawlaik, Burma (Myanmar)",4.7,earthquake,94.4782,23.4489,92.984
2025-07-17T07:15:32.556000,south of Tonga,5.1,earthquake,-175.8163,-24.1328,10
2025-07-17T06:22:03.452000,"16 km NNW of Nahrīn, Afghanistan",4.7,earthquake,69.0813,36.2057,10
2025-07-17T04:30:37.145000,"93 km SSE of Sand Point, Alaska",5.6,earthquake,-160.1301,54.523,35
2025-07-17T02:09:43.065000,"91 km SSE of Sand Point, Alaska",5.3,earthquake,-160.0426,54.5602,29.352
2025-07-17T01:12:21.985000,"85 km S of Sand Point, Alaska",5.2,earthquake,-160.2784,54.5827,35.128
2025-07-17T00:51:20.089000,"79 km SSE of Sand Point, Alaska",4.5,earthquake,-160.1722,54.6492,35.363
2025-07-17T00:36:33.851000,"159 km SSW of Port-Vila, Vanuatu",4.9,earthquake,167.5982,-19.0041,10
2025-07-16T22:47:21.353000,"93 km SSE of Sand Point, Alaska",4.5,earthquake,-159.8208,54.5882,39.057
2025-07-16T22:10:49.453000,"106 km SSE of Sand Point, Alaska",5.2,earthquake,-160.1113,54.4027,22.982
2025-07-16T20:42:14.927000,"93 km SSE of Sand Point, Alaska",5.4,earthquake,-159.7895,54.5997,42.801
2025-07-16T20:37:39.340000,"2025 Sand Point, Alaska Earthquake",7.3,earthquake,-160.4717,54.5489,20.116
2025-07-16T17:17:19.404000,"67 km SE of Gorontalo, Indonesia",4.5,earthquake,123.4185,0.0401,133.71
2025-07-16T16:35:48.538000,southern Mid-Atlantic Ridge,4.8,earthquake,-13.5962,-29.71,10
2025-07-16T16:35:38.216000,Fiji region,4.6,earthquake,-177.1211,-17.3261,381.49
2025-07-16T16:02:01.148000,"152 km NNE of Lospalos, Timor Leste",5.1,earthquake,127.6764,-7.3236,10
2025-07-16T14:21:52.077000,"58 km ESE of Atka, Alaska",5.4,earthquake,-173.3758,52.075,68.993
2025-07-16T12:52:27.627000,South Sandwich Islands region,5.2,earthquake,-26.3296,-59.7337,48.728
2025-07-16T12:42:47.214000,"50 km N of Vallenar, Chile",4.7,earthquake,-70.7856,-28.1224,55.751
2025-07-16T09:03:39.414000,Kuril Islands,4.9,earthquake,154.6122,48.0038,35
2025-07-16T02:12:09.578000,"57 km W of Otobe, Japan",4.7,earthquake,139.4476,42.0227,194.301
2025-07-16T01:03:37.506000,"10 km SSW of Bangui, Philippines",4.5,earthquake,120.7168,18.4528,38.45
2025-07-15T22:18:03.465000,"15 km SSW of Merizo Village, Guam",4.8,earthquake,144.6074,13.1373,61.08
2025-07-15T21:53:49.863000,"83 km W of San Antonio de los Cobres, Argentina",4.6,earthquake,-67.128,-24.3284,204.044
2025-07-15T21:16:59.240000,"92 km WSW of Tari, Papua New Guinea",5.1,earthquake,142.2178,-6.245,49.893
2025-07-15T20:57:41.062000,"1 km W of Mandalay, Burma (Myanmar)",4.7,earthquake,96.0707,21.9731,32.011
2025-07-15T18:42:43.585000,"237 km E of Levuka, Fiji",4.8,earthquake,-178.4428,-18.0462,634.695
2025-07-15T17:15:55.279000,near the north coast of Greenland,5.8,earthquake,-32.6143,83.2821,8
2025-07-15T17:15:25.883000,"90 km N of Tatsugō, Japan",5.2,earthquake,129.4337,29.2567,10
2025-07-15T15:00:51.371000,"163 km SE of Bitung, Indonesia",4.5,earthquake,125.9697,0.2246,60.445
2025-07-15T14:47:11.812000,"0 km ESE of Funaishikawa, Japan",4.9,earthquake,140.5703,36.4657,64.392
2025-07-15T13:58:17.247000,"39 km SE of Hengchun, Taiwan",4.8,earthquake,120.9559,21.7118,10
2025-07-15T09:57:57.435000,"238 km ENE of Port Mathurin, Mauritius",4.7,earthquake,65.5782,-19.0229,10
2025-07-15T09:54:59.387000,"Kermadec Islands, New Zealand",5.7,earthquake,-177.9537,-30.1947,30.75
2025-07-15T08:35:53.628000,"2 km WNW of Senggigi, Indonesia",4.5,earthquake,116.0219,-8.4821,10
2025-07-15T07:14:58.624000,"23 km E of Qarnābād, Iran",4.6,earthquake,54.8579,36.7972,10
2025-07-15T04:27:08.570000,"83 km S of Pangai, Tonga",4.9,earthquake,-174.2122,-20.5578,10
2025-07-15T04:20:00.711000,"97 km N of Tatsugō, Japan",5.2,earthquake,129.4637,29.3199,10
2025-07-15T04:09:19.553000,"185 km SE of Sarangani, Philippines",4.5,earthquake,126.6136,4.1842,35
2025-07-15T03:03:06.941000,"150 km SSE of ‘Ohonua, Tonga",4.9,earthquake,-174.5563,-22.6511,10
2025-07-15T02:38:19.460000,"2 km SSE of Sarrat, Philippines",5.5,earthquake,120.6545,18.1361,48.687
2025-07-14T22:18:23.970000,"78 km NE of Masohi, Indonesia",4.7,earthquake,129.5528,-2.8943,10
2025-07-14T21:37:59.357000,Kuril Islands,5.8,earthquake,151.3427,46.5634,74
2025-07-14T19:37:04.413000,"14 km N of Calana, Peru",4.7,earthquake,-70.1947,-17.8073,112.528
2025-07-14T17:44:39.306000,central East Pacific Rise,5.1,earthquake,-111.8682,-13.2018,10
2025-07-14T17:16:48.863000,"211 km S of Burica, Panama",6.2,earthquake,-82.6741,6.1357,10
2025-07-14T16:53:18.432000,"Izu Islands, Japan region",4.8,earthquake,140.8477,30.3071,10
2025-07-14T16:35:01.605000,"284 km SSE of Alo, Wallis and Futuna",4.5,earthquake,-177.3946,-16.7844,403.005
2025-07-14T14:24:26.600000,"97 km SSW of Abepura, Indonesia",4.5,earthquake,140.29,-3.406,27.894
2025-07-14T14:06:19.959000,"103 km NW of Ternate, Indonesia",4.6,earthquake,126.6173,1.327,34.086
2025-07-14T13:46:27.466000,western Indian-Antarctic Ridge,4.6,earthquake,139.3976,-51.567,10
2025-07-14T12:52:18.446000,"69 km NE of Masamba, Indonesia",5,earthquake,120.7166,-2.0652,10
2025-07-14T11:37:02.056000,"80 km NE of Masohi, Indonesia",4.7,earthquake,129.5355,-2.8383,10
2025-07-14T10:55:17.567000,"44 km NNW of Gazli, Uzbekistan",4.5,earthquake,63.2397,40.4922,10
2025-07-14T09:53:22.761000,"207 km E of Levuka, Fiji",4.6,earthquake,-178.7538,-17.7324,552.045
2025-07-14T08:06:36.733000,"0 km SE of Kēng Tung, Burma (Myanmar)",4.5,earthquake,99.9311,21.6275,10
2025-07-14T08:00:09.282000,"Auckland Islands, New Zealand region",4.6,earthquake,163.7354,-49.7742,10
2025-07-14T06:28:19.604000,"228 km E of Ust’-Kamchatsk Staryy, Russia",5,earthquake,166.1011,55.9153,10
2025-07-14T05:49:57.488000,"179 km WSW of Tual, Indonesia",6.7,earthquake,131.2126,-6.1461,65.672
2025-07-14T05:39:11.197000,"115 km WNW of Ternate, Indonesia",5.2,earthquake,126.5015,1.336,47.085
2025-07-14T05:13:27.224000,"21 km SE of San José, Spain",5.2,earthquake,-1.9738,36.603,10
2025-07-14T03:50:09.332000,"63 km NE of Luwuk, Indonesia",4.5,earthquake,123.2573,-0.6271,10.193
2025-07-14T00:03:41.093000,south of the Fiji Islands,4.7,earthquake,179.1395,-24.0778,551.899
2025-07-13T23:32:15.783000,"97 km N of Tatsugō, Japan",4.5,earthquake,129.5466,29.3319,10
2025-07-13T22:38:17.312000,south of the Fiji Islands,4.5,earthquake,-177.123,-23.2872,182.952
2025-07-13T22:22:17.131000,"71 km W of Tobelo, Indonesia",4.6,earthquake,127.3682,1.645,143.522
2025-07-13T20:10:59.532000,"72 km ENE of San Pedro de Atacama, Chile",4.5,earthquake,-67.6042,-22.5689,166.612
2025-07-13T18:18:04.016000,"223 km WSW of Riverton, New Zealand",4.5,earthquake,165.4361,-47.3047,10
2025-07-13T17:58:29.869000,"82 km WSW of Neiafu, Tonga",4.8,earthquake,-174.725,-18.8776,100.743
2025-07-13T17:08:31.323000,"92 km E of Santiago, Philippines",5.1,earthquake,127.4066,7.2066,10
2025-07-13T14:22:47.233000,"93 km N of Tatsugō, Japan",4.8,earthquake,129.4932,29.2856,61.888
2025-07-13T13:14:44.178000,"280 km SSE of Port Blair, India",5.2,earthquake,93.975,9.4376,29.212
2025-07-13T12:28:21.001000,central Mid-Atlantic Ridge,4.7,earthquake,-34.241,7.1337,10
2025-07-13T11:28:56.997000,"88 km N of Tatsugō, Japan",5,earthquake,129.6436,29.249,10
2025-07-13T11:19:33.906000,"91 km N of Tatsugō, Japan",5,earthquake,129.6559,29.2705,10
2025-07-13T10:46:42.995000,"155 km ENE of Hasaki, Japan",4.6,earthquake,142.505,36.0735,10
2025-07-13T08:51:49.211000,"105 km WNW of Tamarindo, Costa Rica",4.6,earthquake,-86.6933,10.738,10
2025-07-13T06:16:50.253000,"45 km S of Port-Vila, Vanuatu",5.3,earthquake,168.3659,-18.1428,10
2025-07-13T05:56:59.591000,"47 km W of San Antonio de los Cobres, Argentina",5,earthquake,-66.7847,-24.1845,189.891
2025-07-13T04:24:45.841000,"9 km N of Odala, Philippines",4.5,earthquake,120.8212,13.5623,173.992
2025-07-12T18:11:22.103000,south of the Fiji Islands,4.5,earthquake,179.9228,-24.2316,535.888
2025-07-12T18:09:05.758000,"66 km ENE of Kainantu, Papua New Guinea",4.7,earthquake,146.3723,-5.965,108.915
2025-07-12T16:00:23.906000,"218 km ENE of Levuka, Fiji",4.5,earthquake,-178.7021,-17.5085,537.852
2025-07-12T15:16:53.276000,"50 km ESE of Rasht, Tajikistan",4.5,earthquake,70.9045,38.8344,8.856
2025-07-12T14:41:08.086000,"167 km W of Labuan, Indonesia",4.5,earthquake,104.34,-6.67,46.92
2025-07-12T12:36:33.810000,"33 km ESE of Susitna North, Alaska",4.5,earthquake,-149.2269,62.0771,25.4
2025-07-12T11:31:45.422000,Macquarie Island region,4.6,earthquake,157.0841,-54.5889,10
2025-07-12T07:50:08.861000,"106 km ENE of Ust’-Kamchatsk Staryy, Russia",5.2,earthquake,164.1488,56.4672,10
2025-07-12T06:52:33.839000,"51 km SSE of Pocito, Argentina",4.9,earthquake,-68.4468,-32.1324,128.653
2025-07-12T05:16:46.645000,"Kermadec Islands, New Zealand",5.3,earthquake,-178.7923,-30.0605,218.705
2025-07-12T05:14:41.203000,central Mid-Atlantic Ridge,4.9,earthquake,-31.449,3.049,10
2025-07-12T04:00:31.577000,"60 km ENE of Tobelo, Indonesia",4.5,earthquake,128.5353,1.8617,10
2025-07-12T02:01:23.164000,"98 km N of Tatsugō, Japan",5,earthquake,129.4515,29.3294,10
2025-07-12T02:00:45.747000,"103 km NNW of Tatsugō, Japan",4.8,earthquake,129.3745,29.362,10
2025-07-12T00:12:00.421000,"271 km SSW of Teluk Dalam, Indonesia",4.7,earthquake,96.5434,-1.5252,10
2025-07-11T20:44:47.604000,central Mid-Atlantic Ridge,4.8,earthquake,-31.3906,2.9102,10
2025-07-11T20:09:46.649000,"144 km N of Tual, Indonesia",5.1,earthquake,132.575,-4.3339,10
2025-07-11T17:18:47.739000,"22 km NNW of Santa Rosa, Peru",4.6,earthquake,-74.995,-10.7424,22.891
2025-07-11T16:24:06.819000,"55 km SSW of Lithakiá, Greece",4.7,earthquake,20.5391,37.2807,30.668
2025-07-11T12:45:14.621000,"79 km SE of Blangpidie, Indonesia",5,earthquake,97.244,3.1533,54.575
2025-07-11T11:32:17.200000,"33 km S of Adak, Alaska",4.5,earthquake,-176.6715,51.5738,52.981
2025-07-11T07:30:16.677000,"103 km NNW of Tatsugō, Japan",4.8,earthquake,129.3198,29.3552,10
2025-07-11T07:21:39.552000,"104 km NNW of Tatsugō, Japan",5,earthquake,129.1987,29.3195,10
2025-07-11T07:09:25.581000,"112 km SSE of Miyakojima, Japan",5.1,earthquake,125.9055,23.9359,10
2025-07-11T07:09:08.878000,"85 km N of Tatsugō, Japan",4.6,earthquake,129.5004,29.2165,10
2025-07-11T02:07:39.867000,Mid-Indian Ridge,5,earthquake,67.2816,-8.9709,10
2025-07-11T01:06:09.236000,"94 km N of Tatsugō, Japan",4.6,earthquake,129.4968,29.298,10
2025-07-10T19:51:19.438000,"208 km ENE of Levuka, Fiji",4.9,earthquake,-178.7788,-17.5931,548.562
2025-07-10T15:35:24.933000,south of the Kermadec Islands,4.7,earthquake,178.948,-34.3695,249.908
2025-07-10T15:35:07.326000,central Mid-Atlantic Ridge,4.8,earthquake,-31.296,3.0869,10
2025-07-10T14:43:43.123000,Banda Sea,4.7,earthquake,129.7982,-6.697,159.13
2025-07-10T14:38:30.411000,"7 km ESE of Santa María Ixhuatán, Guatemala",5,earthquake,-90.2115,14.1579,161.377
2025-07-10T13:54:22.600000,"40 km ESE of Petropavlovsk-Kamchatsky, Russia",4.6,earthquake,159.1543,52.8863,86.461
2025-07-10T13:19:21.318000,"14 km SW of Manuel Ávila Camacho (Ponte Duro), Mexico",5.1,earthquake,-93.6942,15.7301,10
2025-07-10T11:48:51.315000,"8 km NE of Orkney, South Africa",4.8,earthquake,26.7441,-26.937,10
2025-07-10T09:26:05.004000,"43 km WNW of Colchane, Chile",5.1,earthquake,-68.9863,-19.0714,128.139
2025-07-10T08:47:31.171000,Greenland Sea,4.8,earthquake,5.5686,73.0924,10
2025-07-10T06:50:52.052000,"62 km ESE of Ambon, Indonesia",4.7,earthquake,128.7143,-3.8703,60.546
2025-07-10T04:55:04.348000,Azores Islands region,4.8,earthquake,-33.8556,36.1735,10
2025-07-10T04:55:03.015000,"96 km NW of Hihifo, Tonga",4.8,earthquake,-174.5408,-15.458,184.154
2025-07-10T04:46:55.250000,"89 km WNW of Hihifo, Tonga",5.2,earthquake,-174.5338,-15.5694,183.636
2025-07-10T03:49:39.462000,"165 km NE of Lospalos, Timor Leste",4.6,earthquake,128.1558,-7.564,186.388
2025-07-10T03:34:48.613000,"7 km W of Jhajjar, India",4.5,earthquake,76.5817,28.6065,10
2025-07-09T23:09:29.418000,"122 km WNW of Te Anau, New Zealand",4.7,earthquake,166.2312,-45.08,16.916
2025-07-09T22:54:08.398000,"14 km WSW of Amorgós, Greece",4.6,earthquake,25.7426,36.79,10
2025-07-09T22:12:57.153000,"13 km SSE of Basotu, Tanzania",5,earthquake,35.1475,-4.4733,10
2025-07-09T19:11:59.494000,"24 km SW of El Hoyo, Argentina",5.1,earthquake,-63.4247,-27.1618,575.373
2025-07-09T18:39:50.907000,"80 km W of Turpan, China",4.9,earthquake,88.1928,43.0084,10
2025-07-09T12:32:00.003000,"Izu Islands, Japan region",5.3,earthquake,140.1314,30.5987,10
2025-07-09T12:14:17.718000,Mariana Islands region,4.6,earthquake,144.2239,21.7538,125.573
2025-07-09T11:59:15.523000,"Izu Islands, Japan region",4.6,earthquake,140.2958,30.5609,79.825
2025-07-09T09:37:54.702000,Banda Sea,4.5,earthquake,130.0539,-6.5463,167.946
2025-07-09T06:21:54.496000,"164 km N of Manatutu, Timor Leste",4.6,earthquake,125.9266,-7.0221,489.104
2025-07-09T05:27:33.713000,"80 km SSW of Gorontalo, Indonesia",4.8,earthquake,122.915,-0.1785,160.708
2025-07-09T05:25:55.320000,western Xizang,4.5,earthquake,81.9618,33.6507,10
2025-07-09T03:39:50.569000,"39 km E of Nemuro, Japan",4.6,earthquake,146.0589,43.3479,119.917
2025-07-09T02:21:39.917000,"269 km ESE of Onagawa Chō, Japan",4.9,earthquake,144.3197,37.5912,10
2025-07-08T23:50:41.166000,"113 km SSW of Bandar Lampung, Indonesia",5.4,earthquake,104.785,-6.3404,73.118
2025-07-08T22:01:49.495000,south of the Fiji Islands,4.7,earthquake,-176.8435,-24.4903,117.693
2025-07-08T21:54:19.643000,"6 km NW of Palín, Guatemala",4.8,earthquake,-90.7435,14.4403,10
2025-07-08T21:41:31.063000,"3 km SSW of Amatitlán, Guatemala",5.7,earthquake,-90.6483,14.4503,10
2025-07-08T21:11:30.275000,"4 km SW of Amatitlán, Guatemala",4.8,earthquake,-90.6671,14.4476,10
2025-07-08T18:56:36.018000,"145 km SW of Tual, Indonesia",4.9,earthquake,131.8445,-6.5855,20.374
2025-07-08T17:36:09.023000,"11 km SSW of Esmeraldas, Ecuador",4.6,earthquake,-79.7091,0.8665,42.703
2025-07-08T17:22:03.584000,"105 km SSE of Lorengau, Papua New Guinea",5.2,earthquake,147.5003,-2.9618,10
2025-07-08T17:11:55.983000,"109 km SSE of Lorengau, Papua New Guinea",5.2,earthquake,147.4676,-3.0032,10
2025-07-08T16:48:27.299000,central Mid-Atlantic Ridge,5.1,earthquake,-31.3825,3.1155,10
2025-07-08T14:50:37.274000,central Mid-Atlantic Ridge,4.9,earthquake,-31.4597,3.0186,10
2025-07-08T14:38:15.154000,"120 km S of Lorengau, Papua New Guinea",5.2,earthquake,147.4291,-3.1093,10
2025-07-08T14:22:03.244000,"182 km ESE of Kimbe, Papua New Guinea",4.8,earthquake,151.6701,-6.1583,10
2025-07-08T14:00:00.269000,Kermadec Islands region,4.6,earthquake,-178.4035,-31.9891,35
2025-07-08T11:40:06.901000,"32 km WNW of Pisco, Peru",5,earthquake,-76.503,-13.6502,46.673
2025-07-08T08:43:14.872000,"131 km SSW of Panguna, Papua New Guinea",4.9,earthquake,154.8776,-7.3344,75.624
2025-07-08T02:00:13.430000,"95 km NNW of Tatsugō, Japan",4.8,earthquake,129.3833,29.2939,10
2025-07-07T23:54:08.584000,south of the Fiji Islands,4.9,earthquake,-179.7017,-23.1238,532.639
2025-07-07T23:52:39.360000,"35 km WNW of Hihifo, Tonga",4.6,earthquake,-174.074,-15.7841,78.993
2025-07-07T23:30:58.307000,"18 km SSE of Taquile, Peru",4.7,earthquake,-69.6109,-15.9166,223.259
2025-07-07T20:34:26.760000,"95 km SW of Kurio, Japan",4.5,earthquake,129.7262,29.6596,10
2025-07-07T19:45:48.888000,central Mid-Atlantic Ridge,4.8,earthquake,-37.0934,7.7293,10
2025-07-07T17:46:04.600000,"49 km SE of Palekastro, Greece",5.1,earthquake,26.6629,34.9038,10
2025-07-07T17:18:36.028000,"44 km SSW of Challapata, Bolivia",4.5,earthquake,-66.8751,-19.2936,245.363
2025-07-07T16:25:03.662000,"213 km ENE of Levuka, Fiji",4.5,earthquake,-178.7876,-17.4148,537.244
2025-07-07T13:18:35.332000,central Mid-Atlantic Ridge,4.7,earthquake,-31.2702,3.0125,10
2025-07-07T12:53:43.420000,"212 km WSW of Riverton, New Zealand",6.3,earthquake,165.6072,-47.3169,22
2025-07-07T10:41:07.621000,"19 km ENE of Waisai, Indonesia",4.8,earthquake,130.6635,-0.1546,32.21
2025-07-07T10:16:03.948000,"259 km SSE of Port Blair, India",5.1,earthquake,93.8954,9.6162,10
2025-07-07T09:42:46.222000,"113 km SSE of Port Blair, India",4.9,earthquake,93.0888,10.6997,10
2025-07-07T09:42:21.813000,Carlsberg Ridge,4.9,earthquake,66.8019,1.5521,10
2025-07-07T06:20:43.992000,"70 km SW of Lixoúri, Greece",4.5,earthquake,19.8121,37.8043,32.203
2025-07-07T05:00:24.399000,"273 km SSW of Cilacap, Indonesia",4.9,earthquake,108.5128,-10.1513,10
2025-07-07T03:02:15.092000,"98 km N of Tatsugō, Japan",4.8,earthquake,129.444,29.3269,10
2025-07-07T00:48:06.619000,central Mid-Atlantic Ridge,4.6,earthquake,-31.3056,3.065,10
2025-07-07T00:27:15.640000,"Pearl and Hermes Atoll region, Hawaii",4.5,earthquake,-175.2248,27.1765,10
2025-07-06T22:38:03.846000,"15 km W of Dompu, Indonesia",5,earthquake,118.3241,-8.5233,133.156
2025-07-06T22:03:59.722000,Pacific-Antarctic Ridge,4.6,earthquake,-159.07,-62.5639,10
2025-07-06T20:31:42.999000,"77 km NE of ‘Ohonua, Tonga",5.5,earthquake,-174.3501,-20.9353,10
2025-07-06T19:59:59.379000,"7 km SSW of Tejar, Costa Rica",4.7,earthquake,-84.2519,9.6741,43.795
2025-07-06T15:12:07.253000,"93 km N of Tatsugō, Japan",4.9,earthquake,129.6924,29.2855,10
2025-07-06T15:08:47.396000,"99 km N of Tatsugō, Japan",4.7,earthquake,129.4805,29.3457,10
2025-07-06T14:50:43.425000,"94 km N of Tatsugō, Japan",4.7,earthquake,129.4884,29.2972,10
2025-07-06T14:44:00.347000,"102 km N of Tatsugō, Japan",4.6,earthquake,129.3978,29.3582,10
2025-07-06T14:34:20.748000,"93 km N of Xinyuan, China",4.7,earthquake,83.3801,44.2659,10
2025-07-06T13:33:52.551000,"137 km NE of Hihifo, Tonga",4.8,earthquake,-172.8908,-15.0718,88.582
2025-07-06T11:29:55.537000,"68 km SW of Yonakuni, Japan",4.7,earthquake,122.5392,24.0158,34.66
2025-07-06T11:27:44.098000,"61 km N of Moyobamba, Peru",5.4,earthquake,-76.9633,-5.4814,10
2025-07-06T11:00:18.859000,"44 km ESE of Malango, Solomon Islands",4.6,earthquake,160.0855,-9.8533,15.699
2025-07-06T09:40:37.234000,"24 km SE of Shikotan, Russia",5,earthquake,146.9558,43.6578,67.63
2025-07-06T08:21:51.507000,"100 km W of Ambunti, Papua New Guinea",5.3,earthquake,141.92,-4.0744,114.179
2025-07-06T05:07:02.773000,"99 km N of Tatsugō, Japan",5.4,earthquake,129.5448,29.3449,10
2025-07-06T05:01:21.369000,"101 km N of Tatsugō, Japan",4.9,earthquake,129.4634,29.3596,10
2025-07-06T04:25:13.254000,"102 km NNW of Tatsugō, Japan",4.5,earthquake,129.3852,29.3508,10
2025-07-06T04:19:52.345000,"103 km N of Tatsugō, Japan",4.5,earthquake,129.4406,29.3712,10
2025-07-06T03:39:50.590000,south of Africa,5,earthquake,20.0883,-52.8912,10
2025-07-06T03:07:23.733000,"Kermadec Islands, New Zealand",5.1,earthquake,-177.9362,-30.5011,35
2025-07-06T01:33:30.987000,"54 km NW of Sabang, Indonesia",4.6,earthquake,94.9546,6.2259,10
2025-07-05T20:25:57.714000,"49 km WNW of Sabang, Indonesia",4.5,earthquake,94.9211,6.09,10
2025-07-05T20:23:07.045000,"42 km WNW of Sabang, Indonesia",4.6,earthquake,94.9925,6.1014,10
2025-07-05T19:47:27.858000,southeast of the Loyalty Islands,5.3,earthquake,172.0672,-22.7118,10
2025-07-05T19:42:20.763000,"42 km NNW of Sabang, Indonesia",5.5,earthquake,95.1312,6.2261,10
2025-07-05T18:30:28.149000,"47 km WNW of Waingapu, Indonesia",4.7,earthquake,119.8465,-9.5289,77.699
2025-07-05T18:15:07.054000,"41 km WNW of Happy Valley, Alaska",4.5,earthquake,-152.4675,60.0244,100.1
2025-07-05T17:58:02.543000,"113 km E of Saipan, Northern Mariana Islands",4.8,earthquake,146.8103,15.2284,35
2025-07-05T16:57:13.087000,"93 km NNW of Tatsugō, Japan",4.6,earthquake,129.4124,29.2807,10
2025-07-05T14:47:33.524000,"73 km NNE of Taltal, Chile",4.9,earthquake,-70.2104,-24.7938,56.828
2025-07-05T14:35:46.502000,Banda Sea,4.6,earthquake,129.9193,-6.0907,161.679
2025-07-05T08:33:08.082000,"99 km NNW of Kokoda, Papua New Guinea",4.9,earthquake,147.5422,-7.9967,102.292
2025-07-05T07:30:36.409000,"127 km S of ‘Ohonua, Tonga",4.8,earthquake,-175.0684,-22.4855,10
2025-07-05T07:16:36.357000,"91 km N of Tatsugō, Japan",4.5,earthquake,129.5229,29.276,10
2025-07-05T06:11:35.740000,"124 km SSE of Atlasovo, Russia",4.7,earthquake,160.6447,54.6496,89.559
2025-07-05T03:47:41.260000,"94 km N of Tatsugō, Japan",4.9,earthquake,129.5306,29.3009,10
2025-07-04T23:35:38.892000,"31 km ESE of Hualien City, Taiwan",4.5,earthquake,121.8828,23.8578,15.621
2025-07-04T23:12:39.930000,"30 km ESE of Hualien City, Taiwan",4.5,earthquake,121.8625,23.8325,17.152
2025-07-04T21:29:39.130000,"107 km NNW of Tatsugō, Japan",5.4,earthquake,129.3214,29.3862,10
2025-07-04T18:44:36.813000,"101 km N of Tatsugō, Japan",4.7,earthquake,129.4948,29.3584,10
2025-07-04T18:14:36.099000,"121 km ESE of Iwaki, Japan",4.8,earthquake,142.1471,36.6365,35
2025-07-04T18:02:39.205000,"90 km N of Tatsugō, Japan",4.6,earthquake,129.6303,29.267,10
2025-07-04T17:58:00.523000,"97 km N of Tatsugō, Japan",4.7,earthquake,129.5469,29.3301,10
2025-07-04T15:47:46.060000,"253 km SSE of Ushuaia, Argentina",5.6,earthquake,-67.3292,-57.02,10
2025-07-04T14:24:27.242000,"62 km SSE of Pondaguitan, Philippines",4.9,earthquake,126.4707,5.8799,127.304
2025-07-04T09:20:01.131000,"106 km N of Tatsugō, Japan",4.7,earthquake,129.4367,29.4033,10
2025-07-04T08:55:11.713000,"83 km SSW of Paracas, Peru",5,earthquake,-76.5587,-14.5639,10
2025-07-04T06:19:10.131000,"44 km W of Sabang, Indonesia",4.7,earthquake,94.9203,5.9398,10
2025-07-04T06:16:22.367000,"Volcano Islands, Japan region",4.5,earthquake,142.3491,23.2627,141.752
2025-07-04T05:39:52.565000,"56 km WNW of Sabang, Indonesia",4.6,earthquake,94.8235,6.0331,10
2025-07-04T05:33:51.401000,"42 km WNW of Sabang, Indonesia",5.2,earthquake,94.9874,6.0835,10
2025-07-04T05:31:11.331000,"47 km SE of San Pedro de Atacama, Chile",4.5,earthquake,-67.8723,-23.207,135.65
2025-07-04T03:20:26.306000,"101 km NNW of Tatsugō, Japan",4.5,earthquake,129.3278,29.3382,10
2025-07-04T02:11:15.866000,"285 km SSE of Port Blair, India",4.6,earthquake,93.9142,9.3598,10
2025-07-04T00:02:56.321000,"101 km N of Tatsugō, Japan",4.5,earthquake,129.4375,29.3581,10
2025-07-03T22:42:57.095000,"19 km SSE of Uyuni, Bolivia",4.6,earthquake,-66.723,-20.6062,231.896
2025-07-03T21:09:14.723000,Kuril Islands,4.9,earthquake,151.4532,46.6864,103.215
2025-07-03T17:50:57.651000,Carlsberg Ridge,5,earthquake,61.4716,5.8287,10
2025-07-03T14:01:37.246000,"266 km ENE of Lospalos, Timor Leste",4.5,earthquake,129.0907,-7.3174,140.304
2025-07-03T13:39:22.730000,"78 km NW of Isangel, Vanuatu",5,earthquake,168.6651,-19.1394,10
2025-07-03T13:26:09.450000,"199 km S of Tuapejat, Indonesia",4.5,earthquake,99.7687,-3.824,10
2025-07-03T13:16:52.929000,Carlsberg Ridge,4.7,earthquake,61.6233,5.7286,10
2025-07-03T13:13:24.245000,"97 km N of Tatsugō, Japan",4.5,earthquake,129.4082,29.3133,24.004
2025-07-03T11:44:12.432000,"291 km SSE of Port Blair, India",4.7,earthquake,93.8796,9.2803,10
2025-07-03T11:10:10.059000,"7 km ENE of Ruteng, Indonesia",4.7,earthquake,120.5276,-8.5866,167.745
2025-07-03T10:39:24.596000,Pacific-Antarctic Ridge,5.4,earthquake,-158.9707,-62.6273,10
2025-07-03T08:47:42.658000,"145 km NE of Lospalos, Timor Leste",4.5,earthquake,127.8939,-7.5561,149.769
2025-07-03T08:40:09.115000,"141 km S of ‘Ohonua, Tonga",5.1,earthquake,-174.8829,-22.6175,10
2025-07-03T07:13:00.427000,"107 km N of Tatsugō, Japan",5.4,earthquake,129.391,29.402,10
2025-07-03T06:35:01.597000,"100 km N of Tatsugō, Japan",4.5,earthquake,129.4372,29.3421,10
2025-07-03T06:18:11.615000,"92 km N of Tatsugō, Japan",4.9,earthquake,129.6016,29.2886,10
2025-07-03T06:13:57.017000,"23 km S of El Hoyo, Argentina",5,earthquake,-63.2084,-27.2389,552.378
2025-07-03T06:11:48.093000,"105 km N of Tatsugō, Japan",4.8,earthquake,129.4377,29.3943,10
2025-07-03T05:41:43.206000,"100 km E of Ollagüe, Chile",5.4,earthquake,-67.2971,-21.3567,194.757
2025-07-03T05:31:06.428000,"100 km N of Tatsugō, Japan",4.8,earthquake,129.5561,29.3554,10
2025-07-03T00:43:48.971000,"106 km SW of Banda Aceh, Indonesia",4.6,earthquake,94.7268,4.7975,39.583
2025-07-03T00:12:51.937000,"220 km WNW of Lautoka, Fiji",5.3,earthquake,175.6912,-16.5707,10
2025-07-02T23:40:25.456000,Mid-Indian Ridge,4.5,earthquake,66.7655,-14.8571,10
2025-07-02T23:13:33.183000,northern Mid-Atlantic Ridge,4.5,earthquake,-44.3588,26.9904,10
2025-07-02T23:03:50.274000,"48 km N of Mandalgovi, Mongolia",4.5,earthquake,106.2514,46.2021,8.8
2025-07-02T21:51:29.399000,"101 km N of Tatsugō, Japan",4.7,earthquake,129.4546,29.3572,9.968
2025-07-02T17:32:57.020000,"95 km NNW of Tatsugō, Japan",4.9,earthquake,129.2434,29.2499,10
2025-07-02T16:58:04.660000,South Sandwich Islands region,5.2,earthquake,-25.5127,-59.3695,35
2025-07-02T15:49:18.502000,"96 km NNW of Tatsugō, Japan",5.2,earthquake,129.2616,29.2684,10
2025-07-02T14:27:37.995000,"46 km W of Bengkulu, Indonesia",4.8,earthquake,101.8474,-3.7782,56.16
2025-07-02T10:33:21.927000,"23 km WNW of Ransiki, Indonesia",4.8,earthquake,133.9787,-1.4119,58.735
2025-07-02T07:42:41.543000,"101 km NNW of Tatsugō, Japan",4.6,earthquake,129.2453,29.3147,10
2025-07-02T07:29:13.390000,"117 km NNW of Tatsugō, Japan",4.5,earthquake,129.1201,29.4215,10
2025-07-02T07:17:56.798000,"99 km NNW of Tatsugō, Japan",5,earthquake,129.3286,29.316,10
2025-07-02T07:15:26.089000,"189 km ENE of Levuka, Fiji",5.6,earthquake,-178.9662,-17.5875,515.379
2025-07-02T06:26:49.347000,"94 km NNW of Tatsugō, Japan",5.6,earthquake,129.2443,29.2436,10
2025-07-02T06:07:22.218000,"78 km N of Tatsugō, Japan",5.1,earthquake,129.4776,29.1475,10
2025-07-02T05:59:01.972000,"94 km NNW of Tatsugō, Japan",5.2,earthquake,129.2174,29.2307,10
2025-07-02T05:53:26.784000,"103 km NNW of Tatsugō, Japan",5.2,earthquake,129.1529,29.2944,10
2025-07-02T05:51:48.555000,"90 km NNW of Tatsugō, Japan",5.2,earthquake,129.2578,29.2113,10
2025-07-02T05:41:16.286000,Carlsberg Ridge,4.7,earthquake,61.3265,5.7354,10
2025-07-02T05:25:22.948000,"58 km NNW of Tatsugō, Japan",5.1,earthquake,129.4781,28.9658,10
2025-07-02T05:22:17.159000,"93 km NNW of Tatsugō, Japan",4.6,earthquake,129.2687,29.2434,10
2025-07-02T04:44:54.399000,"75 km NW of Sinabang, Indonesia",4.7,earthquake,95.9124,2.9785,35
2025-07-02T04:39:28.975000,Carlsberg Ridge,4.6,earthquake,61.5858,5.5882,10
2025-07-02T02:57:17.210000,south of the Fiji Islands,5.4,earthquake,-176.3247,-26.7362,10
2025-07-02T02:49:49.915000,"22 km SSE of Petropavlovsk-Kamchatsky, Russia",4.9,earthquake,158.7884,52.8884,103.729
2025-07-02T01:52:48.929000,"285 km SSE of Port Blair, India",4.6,earthquake,93.9613,9.3798,10
2025-07-02T01:39:39.330000,"81 km W of Cartagena, Chile",5.5,earthquake,-72.4855,-33.5723,10
2025-07-02T01:33:29.483000,"121 km S of Vanimo, Papua New Guinea",4.8,earthquake,141.196,-3.7796,105.845
2025-07-02T00:20:45.965000,"164 km S of Kokopo, Papua New Guinea",4.5,earthquake,152.3612,-5.8297,10
2025-07-02T00:14:30.991000,"69 km N of Tatsugō, Japan",4.5,earthquake,129.6197,29.0741,10
2025-07-02T00:06:47.862000,"96 km NNW of Tatsugō, Japan",4.9,earthquake,129.3143,29.2796,10
2025-07-01T23:36:33.811000,Kermadec Islands region,4.6,earthquake,-176.6767,-28.2261,35
2025-07-01T23:24:40.850000,western Indian-Antarctic Ridge,4.5,earthquake,116.2615,-47.777,10
2025-07-01T21:31:46.284000,"101 km N of Tatsugō, Japan",4.6,earthquake,129.4597,29.3579,13.975
2025-07-01T21:29:15.209000,"87 km ENE of Hayuliang, India",4.5,earthquake,97.3574,28.3865,10
2025-07-01T21:16:03.564000,central Mid-Atlantic Ridge,4.6,earthquake,-31.2178,3.2052,10
2025-07-01T20:18:05.835000,"19 km S of Nishinoomote, Japan",4.7,earthquake,130.9918,30.5618,45.075
2025-07-01T19:44:13.317000,"27 km S of Ovalle, Chile",4.5,earthquake,-71.233,-30.8453,59.005
2025-07-01T19:32:07.294000,"100 km N of Tatsugō, Japan",5.1,earthquake,129.4049,29.3444,10
2025-07-01T19:16:04.157000,"23 km WNW of Baharly, Turkmenistan",4.6,earthquake,57.1779,38.5012,10
2025-07-01T14:03:41.971000,"117 km NNW of Tatsugō, Japan",4.6,earthquake,129.3025,29.474,16.171
2025-07-01T13:08:47.549000,"62 km WNW of Gunungsitoli, Indonesia",4.9,earthquake,97.1102,1.5276,25.774
2025-07-01T11:51:44.836000,"216 km E of Levuka, Fiji",4.8,earthquake,-178.6809,-17.6991,570.951
2025-07-01T11:22:06.640000,"99 km N of Tatsugō, Japan",4.6,earthquake,129.4451,29.3334,10
2025-07-01T09:17:08.156000,"113 km NNW of Tatsugō, Japan",4.5,earthquake,129.2296,29.4163,10
2025-07-01T08:10:27.124000,"105 km N of Tatsugō, Japan",4.9,earthquake,129.4215,29.3902,10
2025-06-30T23:48:45.138000,"53 km WNW of Port-Vila, Vanuatu",5.1,earthquake,167.8923,-17.4758,35
2025-06-30T23:22:35.152000,"272 km SSE of Port Blair, India",4.5,earthquake,94.0096,9.5382,10
2025-06-30T22:22:51.775000,west of Macquarie Island,4.5,earthquake,140.0773,-53.742,10
2025-06-30T22:01:31.592000,"63 km S of Kokopo, Papua New Guinea",4.6,earthquake,152.2493,-4.9153,57.812
2025-06-30T20:48:22.330000,Kermadec Islands region,4.7,earthquake,-174.9091,-28.328,10
2025-06-30T20:10:31.271000,western Indian-Antarctic Ridge,4.5,earthquake,116.4118,-47.9602,10
2025-06-30T15:22:27.163000,"95 km N of Tatsugō, Japan",4.6,earthquake,129.4353,29.296,10
2025-06-30T14:35:09.807000,Scotia Sea,4.8,earthquake,-38.9367,-60.9903,10
2025-06-30T12:12:51.260000,Scotia Sea,5.1,earthquake,-38.5006,-61.0001,10
2025-06-30T09:33:22.335000,"98 km NNW of Tatsugō, Japan",5.2,earthquake,129.392,29.3206,10
2025-06-30T08:44:07.994000,"10 km S of Ayna, Peru",4.5,earthquake,-73.9123,-12.749,82.006
2025-06-30T08:22:46.713000,"11 km NNW of Yujing, Taiwan",4.5,earthquake,120.4075,23.2175,10
2025-06-30T08:12:28.907000,"41 km SSW of Illapel, Chile",4.5,earthquake,-71.3942,-31.9581,49.164
2025-06-30T06:36:21.055000,"288 km SSE of Port Blair, India",4.9,earthquake,93.9257,9.3301,10
2025-06-30T05:52:21.228000,"282 km SSE of Port Blair, India",5,earthquake,93.9149,9.3885,10
2025-06-30T05:34:23.753000,"149 km WNW of Tobelo, Indonesia",4.7,earthquake,126.7192,2.0894,51.094
2025-06-30T04:39:02.408000,"280 km SSE of Port Blair, India",4.9,earthquake,93.9908,9.4501,12.217
2025-06-30T03:36:19.940000,"99 km NNW of Tatsugō, Japan",4.7,earthquake,129.3647,29.3258,10
2025-06-30T02:32:40.026000,"33 km NW of Ashkāsham, Afghanistan",4.7,earthquake,71.2557,36.8827,107.854
2025-06-29T23:38:37.614000,"197 km WSW of Tual, Indonesia",4.5,earthquake,131.2039,-6.5156,35
2025-06-29T23:34:55.891000,Carlsberg Ridge,4.5,earthquake,58.7081,8.1476,10
2025-06-29T23:12:38.499000,"113 km WNW of Malango, Solomon Islands",4.5,earthquake,158.7752,-9.2729,10
2025-06-29T22:45:59.920000,Carlsberg Ridge,4.5,earthquake,59.76,7.7354,10
2025-06-29T22:27:40.054000,south of the Fiji Islands,4.5,earthquake,178.8859,-23.7731,547.084
2025-06-29T11:37:42.089000,"6 km WSW of Cárdenas, Nicaragua",4.5,earthquake,-85.57,11.1829,189.467
2025-06-29T11:36:17.038000,Norwegian Sea,4.5,earthquake,4.151,72.7915,10
2025-06-29T07:13:56.558000,"187 km ESE of Attu Station, Alaska",4.8,earthquake,175.8098,52.3166,86.525
2025-06-29T07:11:56.977000,"103 km N of Tatsugō, Japan",5.2,earthquake,129.4814,29.3819,10
2025-06-29T06:48:09.102000,"157 km SSW of Lorengau, Papua New Guinea",5.1,earthquake,146.5516,-3.2634,10
2025-06-29T06:30:11.561000,Mariana Islands region,4.5,earthquake,146.8132,19.6602,10
2025-06-29T05:52:50.165000,"106 km N of Tatsugō, Japan",4.5,earthquake,129.4199,29.3982,10
2025-06-29T05:46:35.266000,south of Panama,5.1,earthquake,-82.6341,3.864,10
2025-06-29T03:46:04.883000,"199 km ESE of Kuril’sk, Russia",4.6,earthquake,150.3651,44.9009,10
2025-06-29T03:11:00.342000,"Kermadec Islands, New Zealand",4.6,earthquake,-178.4606,-29.8255,150.955
2025-06-29T02:37:58.310000,"8 km SSE of Deep Springs, CA",4.54,earthquake,-117.920666666667,37.316,11.6
2025-06-29T02:32:53.380000,"64 km NE of Barkhan, Pakistan",4.5,earthquake,69.9739,30.3299,10
2025-06-29T02:08:10.288000,South Sandwich Islands region,4.5,earthquake,-26.1201,-59.1535,35
2025-06-29T01:56:27.798000,"30 km SW of Hihifo, Tonga",4.8,earthquake,-173.9837,-16.1673,119.348
2025-06-29T01:37:29.007000,"293 km SSE of Port Blair, India",4.6,earthquake,93.9973,9.3226,10
2025-06-29T01:15:25.486000,"100 km NNW of Tatsugō, Japan",5.4,earthquake,129.3957,29.3356,10
2025-06-29T01:13:59.027000,"100 km NNW of Tatsugō, Japan",4.9,earthquake,129.0759,29.2263,10
2025-06-28T23:35:17.925000,"52 km SW of Lata, Solomon Islands",4.5,earthquake,165.5075,-11.1036,10
2025-06-28T23:34:58.208000,"280 km SSE of Port Blair, India",4.5,earthquake,93.818,9.3592,10
2025-06-28T22:49:26.959000,western Indian-Antarctic Ridge,4.5,earthquake,124.9343,-49.1395,10
2025-06-28T22:24:00.274000,"55 km NNE of Barkhan, Pakistan",5.3,earthquake,69.7933,30.3459,10
2025-06-28T19:35:22.134000,"29 km SSW of Puerto San José, Guatemala",5,earthquake,-90.9168,13.6797,61.354
2025-06-28T19:05:55.051000,"142 km SSW of Lata, Solomon Islands",4.6,earthquake,165.4685,-11.9721,10
2025-06-28T18:18:20.373000,South Sandwich Islands region,5.1,earthquake,-27.1313,-55.7896,35
2025-06-28T12:40:43.625000,"136 km NNW of Tobelo, Indonesia",5.3,earthquake,127.3287,2.7565,53.159
2025-06-28T11:50:18.313000,"122 km NW of Tobelo, Indonesia",4.5,earthquake,127.1374,2.4082,88.741
2025-06-28T09:58:40.077000,"20 km N of La Serena, Chile",4.8,earthquake,-71.2545,-29.7175,50.446
2025-06-28T09:51:29.828000,"288 km NW of Chokurdakh, Russia",5.1,earthquake,142.0095,72.414,10
2025-06-28T08:32:20.957000,Scotia Sea,6.6,earthquake,-38.9672,-60.9793,10
2025-06-28T08:24:45.814000,"42 km W of Kuqa, China",4.5,earthquake,82.422,41.7831,10
2025-06-28T06:08:19.722000,"162 km S of Nikolski, Alaska",5.2,earthquake,-168.5835,51.4887,10
2025-06-28T05:47:49.587000,"142 km SW of El Palmarcito, Mexico",4.7,earthquake,-94.2466,14.683,10
2025-06-28T05:41:50.041000,"135 km SW of El Palmarcito, Mexico",4.5,earthquake,-94.1948,14.7315,10
2025-06-28T05:17:21.317000,"104 km NNW of Hihifo, Tonga",4.8,earthquake,-174.1901,-15.0945,87.858
2025-06-28T05:01:05.745000,South Sandwich Islands region,4.6,earthquake,-25.253,-59.9236,10
2025-06-28T04:17:08.941000,"169 km NNW of Houma, Tonga",5.5,earthquake,-176.0903,-19.8299,229
2025-06-28T00:15:15.828000,"102 km NNW of Tatsugō, Japan",4.5,earthquake,129.3552,29.3501,10.064
2025-06-27T23:41:43.694000,"62 km E of Sarangani, Philippines",4.9,earthquake,126.0271,5.4211,83.491
2025-06-27T23:07:10.298000,"67 km E of Sarangani, Philippines",6,earthquake,126.0611,5.2879,99.714
2025-06-27T17:59:38.639000,western Indian-Antarctic Ridge,4.5,earthquake,115.7137,-47.7437,10
2025-06-27T14:58:23.451000,"271 km SSE of Port Blair, India",5,earthquake,93.8617,9.4747,113.432
2025-06-27T12:33:52.076000,Kermadec Islands region,4.6,earthquake,-178.6694,-31.0137,121.882
2025-06-27T09:48:12.974000,"15 km NE of Finschhafen, Papua New Guinea",4.5,earthquake,147.9313,-6.4509,63.724
2025-06-27T06:39:24.682000,"152 km NE of Lospalos, Timor Leste",4.5,earthquake,127.884,-7.4607,175.024
2025-06-27T06:31:53.768000,"3 km WSW of Santa Lucía, Ecuador",4.7,earthquake,-80.0324,-2.1982,61.56
2025-06-27T04:25:53.968000,"200 km W of Oula Xiuma, China",5.1,earthquake,98.9594,34.5094,10
2025-06-27T04:17:04.988000,"95 km N of Tatsugō, Japan",4.9,earthquake,129.4356,29.3039,10
2025-06-26T23:56:01.762000,"4 km ESE of Ōmiya, Japan",4.6,earthquake,140.4701,36.5389,63.208
2025-06-26T23:53:54.769000,Fiji region,4.7,earthquake,-178.8275,-20.5367,624.994
2025-06-26T19:24:09.404000,"21 km E of Pondaguitan, Philippines",4.5,earthquake,126.3743,6.3683,95.618
2025-06-26T16:25:01.072000,"63 km N of Yichang, China",4.5,earthquake,111.3398,31.2824,10
2025-06-26T15:28:34.925000,"155 km ESE of Kimbe, Papua New Guinea",4.5,earthquake,151.4009,-6.1547,10
2025-06-26T13:48:36.763000,Kermadec Islands region,4.8,earthquake,-176.5815,-29.4035,10
2025-06-26T13:14:15.712000,Kermadec Islands region,4.8,earthquake,-176.6905,-29.4769,10
2025-06-26T12:50:15.931000,"114 km SSW of Maan, Philippines",4.9,earthquake,124.3205,4.9822,10
2025-06-26T11:52:17.630000,"291 km SSE of Port Blair, India",4.5,earthquake,93.9842,9.3331,15.503
2025-06-26T11:26:33.289000,south of the Fiji Islands,4.5,earthquake,179.8811,-25.2331,506.861
2025-06-26T10:13:37.263000,south of the Fiji Islands,4.6,earthquake,179.6944,-25.5039,505.582
2025-06-26T10:02:40.186000,south of the Fiji Islands,4.6,earthquake,-179.2568,-22.8325,524.011
2025-06-26T07:54:47.777000,"147 km WNW of Panguna, Papua New Guinea",5,earthquake,154.3387,-5.6392,135.478
2025-06-26T07:52:02.740000,"129 km NE of Hihifo, Tonga",4.9,earthquake,-172.9789,-15.0982,10
2025-06-26T06:51:38.651000,central Mid-Atlantic Ridge,4.6,earthquake,-31.4821,3.2829,10
2025-06-26T03:32:22.705000,western Indian-Antarctic Ridge,4.6,earthquake,116.6016,-47.9879,10
2025-06-25T22:16:13.700000,southern Mid-Atlantic Ridge,6.2,earthquake,-17.0441,-35.7221,10
2025-06-25T18:54:44.309000,"120 km N of Saipan, Northern Mariana Islands",4.8,earthquake,145.6009,16.2905,535.74
2025-06-25T18:28:08.071000,"96 km ESE of Hihifo, Tonga",4.5,earthquake,-172.9556,-16.2717,10
2025-06-25T17:37:25.441000,"291 km SSE of Port Blair, India",4.6,earthquake,93.7176,9.2161,10
2025-06-25T13:35:30.034000,Norwegian Sea,5,earthquake,3.987,72.6801,10
2025-06-25T12:28:14.181000,Mariana Islands region,4.5,earthquake,146.7683,19.6058,10
2025-06-25T10:39:14.148000,"82 km NNW of Tatsugō, Japan",4.5,earthquake,129.4011,29.1776,10
2025-06-25T09:59:44.205000,"288 km SSE of Port Blair, India",4.9,earthquake,93.9061,9.3263,10
2025-06-25T09:08:47.775000,"264 km ESE of Tomioka, Japan",4.7,earthquake,143.8286,36.576,10
2025-06-25T08:40:05.801000,"86 km NNW of Ternate, Indonesia",4.6,earthquake,127.0189,1.4774,126.285
2025-06-25T08:11:17.399000,"282 km SW of Houma, Tonga",5.3,earthquake,-177.3053,-22.9137,200.76
2025-06-25T08:04:29.941000,Fiji region,4.5,earthquake,-179.0725,-21.4632,596.789
2025-06-25T07:17:52.752000,"10 km SW of Changning, China",4.6,earthquake,104.8511,28.5037,10
2025-06-25T06:13:21.701000,"161 km SW of Tasiilaq, Greenland",4.5,earthquake,-40.0889,64.6004,10
2025-06-25T05:47:25.830000,"101 km N of Tatsugō, Japan",4.5,earthquake,129.404,29.3455,10
2025-06-25T04:08:34.990000,"279 km SSE of Port Blair, India",4.5,earthquake,93.9818,9.4548,10
2025-06-25T01:42:53.357000,"106 km SSE of Lata, Solomon Islands",4.5,earthquake,166.2719,-11.5648,86.02
2025-06-25T01:39:34.110000,"286 km SSE of Port Blair, India",4.7,earthquake,93.9854,9.3808,10
2025-06-25T01:33:28.230000,"276 km SSE of Port Blair, India",5.4,earthquake,93.8934,9.4363,10
2025-06-25T00:45:17.121000,"68 km SE of Koseda, Japan",4.5,earthquake,131.2318,30.0272,35
2025-06-24T23:53:44.051000,"281 km SSE of Port Blair, India",4.5,earthquake,93.8007,9.3411,10
2025-06-24T23:52:00.907000,Mid-Indian Ridge,5.2,earthquake,80.4508,-41.4874,10
2025-06-24T23:51:41.383000,"275 km SSE of Port Blair, India",4.8,earthquake,94.0004,9.5066,10
2025-06-24T23:12:10.841000,"296 km WSW of Tual, Indonesia",4.8,earthquake,130.1817,-6.3936,115.7
2025-06-24T22:49:04.884000,"100 km SSW of Uyuni, Bolivia",4.6,earthquake,-67.1753,-21.3096,192.127
2025-06-24T22:12:42.923000,south of the Fiji Islands,4.7,earthquake,-179.6961,-23.9576,487.707
2025-06-24T20:13:47.224000,"294 km SSE of Port Blair, India",4.6,earthquake,93.9639,9.2948,10
2025-06-24T18:50:05.012000,south of Tonga,4.5,earthquake,-175.6566,-26.4374,10
2025-06-24T17:38:27.649000,"32 km E of Qarnābād, Iran",4.5,earthquake,54.9529,36.8328,10
2025-06-24T15:31:33.388000,"292 km SSE of Port Blair, India",4.5,earthquake,93.9986,9.3326,10
2025-06-24T13:50:16.539000,"275 km SSE of Port Blair, India",4.6,earthquake,94.0036,9.5091,10
2025-06-24T13:12:22.844000,"292 km SSE of Port Blair, India",4.9,earthquake,94.0616,9.3664,10
2025-06-24T12:53:19.256000,"281 km SSE of Port Blair, India",4.6,earthquake,93.87,9.3798,10
2025-06-24T12:23:23.875000,"259 km SSE of Port Blair, India",4.6,earthquake,93.7405,9.5365,10
2025-06-24T12:22:47.025000,"295 km SSE of Port Blair, India",4.5,earthquake,93.9307,9.2684,10
2025-06-24T10:16:58.345000,"282 km SSE of Port Blair, India",4.9,earthquake,93.8265,9.3465,10
2025-06-24T10:03:44.892000,"248 km SSE of Port Blair, India",4.5,earthquake,93.4167,9.5201,10
2025-06-24T09:34:07.987000,"296 km SSE of Port Blair, India",4.6,earthquake,93.8561,9.2217,10
2025-06-24T09:04:15.157000,"Nicobar Islands, India region",4.6,earthquake,93.9195,9.1574,10
2025-06-24T07:54:09.531000,"86 km NNW of Tatsugō, Japan",4.5,earthquake,129.3592,29.2029,10
2025-06-24T07:07:36.926000,south of the Fiji Islands,4.7,earthquake,-179.7744,-23.5226,558.917
2025-06-24T07:04:14.355000,"98 km NNW of Tatsugō, Japan",5.1,earthquake,129.3656,29.3177,10
2025-06-24T06:24:33.474000,"175 km SE of Sarangani, Philippines",5,earthquake,126.7057,4.4147,58.242
2025-06-24T05:07:59.666000,"131 km W of Illapel, Chile",4.7,earthquake,-72.5544,-31.593,10
2025-06-24T03:42:09.241000,central Mid-Atlantic Ridge,4.6,earthquake,-31.2949,3.0099,10
2025-06-24T03:13:55.592000,"262 km E of Levuka, Fiji",5,earthquake,-178.2053,-18.0225,557.71
2025-06-24T03:08:35.023000,"98 km SSE of Pangai, Tonga",4.6,earthquake,-174.1519,-20.6853,10
2025-06-24T02:45:43.620000,"77 km NNE of Punta Cana, Dominican Republic",5.7,earthquake,-68.1103,19.2245,68
2025-06-24T01:58:41.616000,"95 km SE of Kirakira, Solomon Islands",5.5,earthquake,162.6253,-10.9655,39.859
2025-06-24T01:58:06.300000,east of the Philippine Islands,6.2,earthquake,129.9162,7.9639,10
2025-06-24T01:53:14.489000,"61 km S of Vinchina, Argentina",4.8,earthquake,-68.3056,-29.3055,35
2025-06-24T00:21:09.050000,central East Pacific Rise,4.6,earthquake,-102.6551,-3.8526,10
2025-06-23T22:52:24.053000,"15 km NE of Tournavista, Peru",4.6,earthquake,-74.5921,-8.8521,144.588
2025-06-23T21:10:17.591000,"113 km SSE of San Pedro de Atacama, Chile",4.5,earthquake,-67.7832,-23.8589,152.805
2025-06-23T19:14:26.245000,"34 km NNW of Dededo Village, Guam",5.4,earthquake,144.6853,13.7896,146.367
2025-06-23T18:51:53.409000,"201 km ESE of Kimbe, Papua New Guinea",4.9,earthquake,151.8342,-6.2118,10
2025-06-23T18:01:57.198000,Fiji region,4.5,earthquake,-178.7236,-20.9615,583.264
2025-06-23T17:55:12.519000,"88 km SSE of Kushiro, Japan",4.8,earthquake,144.6299,42.2035,34.552
2025-06-23T17:23:29.381000,"102 km NNW of Tatsugō, Japan",5,earthquake,129.3401,29.3425,10
2025-06-23T14:46:56.645000,"91 km N of Tatsugō, Japan",4.5,earthquake,129.5069,29.2721,10
2025-06-23T14:36:18.769000,"94 km N of Tatsugō, Japan",5.1,earthquake,129.5391,29.3027,10
2025-06-23T14:17:52.821000,"94 km NNW of Tatsugō, Japan",4.5,earthquake,129.3891,29.2823,10
2025-06-23T13:06:02.703000,"36 km NE of Salvación, Peru",4.7,earthquake,-71.1653,-12.5691,10
2025-06-23T12:37:42.678000,"47 km SSE of Ayia Napa, Cyprus",4.8,earthquake,34.1328,34.5711,10
2025-06-23T07:50:56.991000,"97 km N of Tatsugō, Japan",4.5,earthquake,129.5979,29.3256,10
2025-06-23T07:46:17.544000,"84 km N of Tatsugō, Japan",4.9,earthquake,129.5771,29.2136,10
2025-06-23T03:17:18.573000,"79 km ESE of Kimbe, Papua New Guinea",5.3,earthquake,150.7454,-5.9266,67.624
2025-06-23T01:13:17.509000,"101 km NNW of Tatsugō, Japan",4.5,earthquake,129.2927,29.3266,8.12
2025-06-23T00:56:39.672000,"122 km SSW of Banjar, Indonesia",4.7,earthquake,107.1413,-8.2613,35
2025-06-23T00:34:39.126000,central Mid-Atlantic Ridge,4.7,earthquake,-31.1905,2.9452,10
2025-06-23T00:33:58.628000,central Mid-Atlantic Ridge,4.7,earthquake,-31.2122,3.0943,10
2025-06-22T23:34:27.533000,"35 km ESE of Pondaguitan, Philippines",4.6,earthquake,126.4764,6.2483,83.347
2025-06-22T20:46:16.575000,"81 km SW of Ollagüe, Chile",4.5,earthquake,-68.8386,-21.7213,122.143
2025-06-22T18:32:42.215000,"100 km NNW of Tatsugō, Japan",4.7,earthquake,129.3935,29.3391,10
2025-06-22T16:27:33.023000,"112 km E of Fangale’ounga, Tonga",4.5,earthquake,-173.2671,-19.9439,10
2025-06-22T14:46:06.106000,"39 km SSE of Calingasta, Argentina",4.7,earthquake,-69.3335,-31.6817,121.016
2025-06-22T11:47:21.409000,"148 km E of Masohi, Indonesia",4.8,earthquake,130.3017,-3.3034,10
2025-06-22T10:54:46.632000,"103 km SW of Lata, Solomon Islands",4.5,earthquake,165.0563,-11.3047,10
2025-06-22T10:26:35.805000,"183 km NNW of Sola, Vanuatu",4.7,earthquake,167.1956,-12.2556,255.664
2025-06-22T09:31:23.499000,"33 km WSW of Amahai, Indonesia",4.7,earthquake,128.6263,-3.4098,42.961
2025-06-22T09:11:25.394000,"98 km S of Koshima, Japan",4.5,earthquake,130.5906,29.3483,42.233
2025-06-22T08:15:04.716000,"95 km N of Tatsugō, Japan",5,earthquake,129.4444,29.2979,10
2025-06-22T06:27:16.321000,south of the Fiji Islands,5.3,earthquake,-177.3544,-26.4737,10
2025-06-22T05:44:28.552000,south of the Fiji Islands,5,earthquake,-177.4187,-26.3176,10
2025-06-22T05:27:03.835000,"109 km NNW of Tatsugō, Japan",4.6,earthquake,129.2546,29.3918,10
2025-06-22T03:37:19.632000,"96 km NNW of Tatsugō, Japan",4.6,earthquake,129.3047,29.2824,10
2025-06-22T03:12:25.050000,"102 km NNW of Tatsugō, Japan",4.8,earthquake,129.308,29.343,10
2025-06-22T02:39:19.133000,"153 km SE of Lata, Solomon Islands",4.5,earthquake,166.6422,-11.8328,181.077
2025-06-22T02:19:05.438000,central Mid-Atlantic Ridge,4.6,earthquake,-31.4448,3.0509,10
2025-06-22T02:12:43.114000,"246 km E of Levuka, Fiji",4.5,earthquake,-178.3576,-17.98,605.504
2025-06-22T00:15:42.782000,"95 km N of Tatsugō, Japan",4.7,earthquake,129.4602,29.3037,10
2025-06-21T23:03:05.167000,"108 km SE of Nemuro, Japan",4.5,earthquake,146.5473,42.6566,35
2025-06-21T22:27:27.885000,"118 km NNW of Tatsugō, Japan",4.5,earthquake,129.1139,29.4276,10
2025-06-21T21:25:45.027000,"93 km ESE of Nemuro, Japan",5.3,earthquake,146.573,42.8989,39.188
2025-06-21T21:23:18.562000,"82 km SE of Nemuro, Japan",6,earthquake,146.4037,42.8951,18
2025-06-21T20:53:15.999000,"82 km N of Tatsugō, Japan",4.7,earthquake,129.4981,29.187,10
2025-06-21T20:24:36.444000,"102 km NNW of Tatsugō, Japan",4.5,earthquake,129.3488,29.3526,10
2025-06-21T20:02:46.427000,central Mid-Atlantic Ridge,4.9,earthquake,-31.2444,2.8603,10
2025-06-21T19:18:48.226000,"10 km WNW of Naranjal, Ecuador",5.2,earthquake,-79.7038,-2.6257,47.51
2025-06-21T17:52:08.102000,"91 km N of Tatsugō, Japan",4.5,earthquake,129.4856,29.2727,10
2025-06-21T17:41:07.964000,"141 km ESE of Saipan, Northern Mariana Islands",4.6,earthquake,147.0388,14.9447,37.539
2025-06-21T16:34:59.903000,"68 km WSW of Labuan, Indonesia",4.9,earthquake,105.2585,-6.6156,62.384
2025-06-21T15:36:26.163000,"274 km SSE of Ushuaia, Argentina",4.9,earthquake,-66.6962,-57.1047,10
2025-06-21T15:30:14.420000,Banda Sea,4.7,earthquake,129.6733,-6.6171,138.85
2025-06-21T15:05:22.734000,"103 km ESE of Nemuro, Japan",4.9,earthquake,146.6636,42.8497,19.538
2025-06-21T14:10:56.603000,"102 km NNW of Tatsugō, Japan",4.5,earthquake,129.291,29.3327,10
2025-06-21T13:25:52.187000,"38 km SSW of Lixoúri, Greece",4.5,earthquake,20.2017,37.9035,10
2025-06-21T07:28:00.268000,"159 km SW of Tasiilaq, Greenland",4.5,earthquake,-39.8376,64.5288,10
2025-06-21T05:53:06.935000,"59 km S of Kawalu, Indonesia",4.6,earthquake,108.1714,-7.914,80.713
2025-06-21T04:05:54.799000,central Mid-Atlantic Ridge,4.5,earthquake,-31.0645,2.9969,10
2025-06-21T04:02:02.580000,central Mid-Atlantic Ridge,4.7,earthquake,-31.3985,3.0945,10
2025-06-21T01:26:25.943000,"86 km ENE of Tadine, New Caledonia",4.6,earthquake,168.6323,-21.2202,10
2025-06-21T01:18:41.927000,"6 km WSW of Julcamarca, Peru",4.6,earthquake,-74.503,-13.0353,76.246
